{"labels": ["0_0", "0_8", "0_9", "21_0", "21_1", "21_2", "22_0", "22_2", "443_0", "80_0", "80_3", "80_4", "80_5", "80_6", "80_7"], "nsamples": {"80_0": 148009460, "443_0": 417368607, "0_0": 238647085, "22_0": 175209, "21_0": 211730, "21_1": 386720, "21_2": 60, "22_2": 4309956, "0_9": 1455797, "80_7": 69938, "80_3": 240093, "80_4": 99736, "0_8": 2123, "80_5": 18484036, "80_6": 2318260}, "nfeatures": 3, "xmin": [-0.0022280216217041016, 0.0, 0.0], "xmax": [7200.188628196716, 65172.0, 65535.0], "nmin": {"80_0": 2, "443_0": 2, "0_0": 1, "22_0": 1, "21_0": 2, "21_1": 2, "21_2": 2, "22_2": 24, "0_9": 2, "80_7": 6, "80_3": 8, "80_4": 8, "0_8": 932, "80_5": 7, "80_6": 7}, "nmax": {"80_0": 338642, "443_0": 341307, "0_0": 101808, "22_0": 164, "21_0": 18, "21_1": 2, "21_2": 2, "22_2": 52, "0_9": 159, "80_7": 315, "80_3": 22, "80_4": 63, "0_8": 1191, "80_5": 26, "80_6": 11}, "nconditions": 10, "nrstclient": {"80_0": 77334, "443_0": 2385861, "0_0": 8427610, "22_0": 2831, "21_0": 6, "21_1": 0, "21_2": 0, "22_2": 0, "0_9": 5, "80_7": 2, "80_3": 9468, "80_4": 285, "0_8": 0, "80_5": 3454, "80_6": 3622}, "nrstserver": {"80_0": 22625, "443_0": 929653, "0_0": 4001455, "22_0": 122, "21_0": 105833, "21_1": 193360, "21_2": 30, "22_2": 0, "0_9": 177, "80_7": 0, "80_3": 53, "80_4": 4615, "0_8": 1, "80_5": 3595, "80_6": 0}}