{"labels": ["0_0", "0_9", "80_0", "80_3", "80_5", "80_7"], "nsamples": {"80_0": 123879481, "0_0": 3449, "0_9": 916771, "80_5": 98686, "80_7": 69938, "80_3": 99935}, "nfeatures": 256, "xmin": [0.0, 0.0, 0.0, 0.0, 0.0, 0.0, 0.0, 0.0, 0.0, 0.0, 0.0, 0.0, 0.0, 0.0, 0.0, 0.0, 0.0, 0.0, 0.0, 0.0, 0.0, 0.0, 0.0, 0.0, 0.0, 0.0, 0.0, 0.0, 0.0, 0.0, 0.0, 0.0, 0.0, 0.0, 0.0, 0.0, 0.0, 0.0, 0.0, 0.0, 0.0, 0.0, 0.0, 0.0, 0.0, 0.0, 0.0, 0.0, 0.0, 0.0, 0.0, 0.0, 0.0, 0.0, 0.0, 0.0, 0.0, 0.0, 0.0, 0.0, 0.0, 0.0, 0.0, 0.0, 0.0, 0.0, 0.0, 0.0, 0.0, 0.0, 0.0, 0.0, 0.0, 0.0, 0.0, 0.0, 0.0, 0.0, 0.0, 0.0, 0.0, 0.0, 0.0, 0.0, 0.0, 0.0, 0.0, 0.0, 0.0, 0.0, 0.0, 0.0, 0.0, 0.0, 0.0, 0.0, 0.0, 0.0, 0.0, 0.0, 0.0, 0.0, 0.0, 0.0, 0.0, 0.0, 0.0, 0.0, 0.0, 0.0, 0.0, 0.0, 0.0, 0.0, 0.0, 0.0, 0.0, 0.0, 0.0, 0.0, 0.0, 0.0, 0.0, 0.0, 0.0, 0.0, 0.0, 0.0, 0.0, 0.0, 0.0, 0.0, 0.0, 0.0, 0.0, 0.0, 0.0, 0.0, 0.0, 0.0, 0.0, 0.0, 0.0, 0.0, 0.0, 0.0, 0.0, 0.0, 0.0, 0.0, 0.0, 0.0, 0.0, 0.0, 0.0, 0.0, 0.0, 0.0, 0.0, 0.0, 0.0, 0.0, 0.0, 0.0, 0.0, 0.0, 0.0, 0.0, 0.0, 0.0, 0.0, 0.0, 0.0, 0.0, 0.0, 0.0, 0.0, 0.0, 0.0, 0.0, 0.0, 0.0, 0.0, 0.0, 0.0, 0.0, 0.0, 0.0, 0.0, 0.0, 0.0, 0.0, 0.0, 0.0, 0.0, 0.0, 0.0, 0.0, 0.0, 0.0, 0.0, 0.0, 0.0, 0.0, 0.0, 0.0, 0.0, 0.0, 0.0, 0.0, 0.0, 0.0, 0.0, 0.0, 0.0, 0.0, 0.0, 0.0, 0.0, 0.0, 0.0, 0.0, 0.0, 0.0, 0.0, 0.0, 0.0, 0.0, 0.0, 0.0, 0.0, 0.0, 0.0, 0.0, 0.0, 0.0, 0.0, 0.0, 0.0, 0.0, 0.0, 0.0, 0.0, 0.0, 0.0, 0.0, 0.0, 0.0, 0.0, 0.0, 0.0, 0.0, 0.0, 0.0, 0.0, 0.0], "xmax": [0.9999999999999315, 0.9999999999958334, 0.9999999999, 0.499999999975, 0.9999999999, 0.9999999999, 0.9999999999, 0.9999999999, 0.4897159647404026, 0.9999999999, 0.9999999999, 0.9999999999, 0.6310679611644359, 0.9999999999, 0.9999999999, 0.9999999999, 0.499999999975, 0.9999999999, 0.9999999999, 0.33333333333055554, 0.9999999999, 0.499999999975, 0.9999999999, 0.9999999999, 0.9999999999, 0.9999999999, 0.9999999999, 0.9999999999, 0.9999999999, 0.33333333333055554, 0.9999999999, 0.9999999999, 0.9999999999999315, 0.9999999999, 0.47260273972599504, 0.9999999999, 0.9999999999, 0.9999999999, 0.9999999999, 0.9999999999, 0.9999999999, 0.9999999999, 0.9999999999964286, 0.9999999999, 0.9999999999, 0.9999999999968749, 0.9999999999, 0.9999999999, 0.9999999999, 0.9999999999, 0.9999999999, 0.9999999999, 0.9999999999, 0.9999999999, 0.499999999975, 0.9999999999, 0.9999999999, 0.9999999999, 0.5499999999993125, 0.9999999999, 0.9999999999, 0.9999999999, 0.9999999999, 0.9999999999, 0.9999999999, 0.9999999999, 0.9999999999, 0.9999999999, 0.9999999999, 0.9999999999, 0.9999999999, 0.9999999999, 0.9999999999, 0.33333333333055554, 0.9999999999, 0.9999999999, 0.9999999999, 0.9999999999, 0.9999999999, 0.9999999999, 0.9999999999, 0.5369863013698262, 0.9999999999, 0.9999999999, 0.9999999999, 0.9999999999, 0.499999999975, 0.33333333333055554, 0.9999999999, 0.9999999999, 0.9999999999, 0.33333333333055554, 0.499999999975, 0.9999999999, 0.9999999999, 0.9999999999, 0.9999999999, 0.9999999999, 0.9999999999, 0.9999999999, 0.9999999999, 0.9999999999, 0.9999999999, 0.9999999999, 0.33333333333055554, 0.9999999999, 0.9999999999, 0.399999999998, 0.9999999999, 0.9999999999, 0.9999999999, 0.9999999999, 0.9999999999, 0.9999999999, 0.9999999999, 0.9999999999, 0.9999999999, 0.33333333333055554, 0.9999999999, 0.9999999999, 0.9999999999, 0.9999999999, 0.9999999999, 0.9999999999, 0.7499999999990625, 0.9999999999, 0.9999999999, 0.9999999999, 0.9999999999, 0.41666666666319446, 0.9999999999, 0.9999999999, 0.9999999999, 0.9999999999, 0.9999999999, 0.33333333333055554, 0.41666666666319446, 0.9999999999, 0.5391304347825696, 0.9999999999, 0.9999999999, 0.499999999975, 0.9999999999, 0.9999999999, 0.9999999999, 0.9999999999, 0.9999999999, 0.9999999999, 0.9999999999, 0.9999999999, 0.9999999999968749, 0.9999999999, 0.33333333333055554, 0.9999999999, 0.9999999999, 0.41666666666319446, 0.44197138314778345, 0.9999999999, 0.9999999999, 0.9999999999, 0.9999999999, 0.33333333333055554, 0.99999999999875, 0.9999999999, 0.33333333333055554, 0.9999999999, 0.9999999999, 0.9999999999, 0.9999999999, 0.9999999999, 0.9999999999, 0.9999999999, 0.9999999999, 0.9999999999, 0.9999999999, 0.9999999999, 0.49999999999583333, 0.33333333333055554, 0.49999999999583333, 0.9999999999, 0.9999999999, 0.9999999999, 0.499999999975, 0.9999999999, 0.9999999999, 0.9999999999, 0.499999999975, 0.9999999999, 0.499999999975, 0.9999999999, 0.9999999999, 0.9999999999, 0.5925925925914952, 0.44999999999775003, 0.9999999999, 0.9999999999, 0.9999999999, 0.9999999999, 0.9999999999, 0.9999999999, 0.499999999975, 0.9999999999, 0.9999999999, 0.9999999999, 0.99999999998, 0.9999999999, 0.9999999999, 0.9999999999, 0.3749999999984375, 0.9999999999, 0.9999999999, 0.9999999999, 0.9999999999, 0.44444444444320985, 0.9999999999, 0.9999999999, 0.33333333333055554, 0.9999999999, 0.9999999999, 0.9999999999, 0.9999999999, 0.9999999999, 0.9999999999, 0.9999999999, 0.9999999999, 0.9999999999, 0.9999999999, 0.9999999999, 0.9999999999, 0.9999999999, 0.9999999999, 0.33333333333055554, 0.9999999999, 0.9999999999, 0.9999999999, 0.9999999999, 0.9999999999, 0.9999999999, 0.9999999999, 0.33333333333055554, 0.9999999999, 0.9999999999, 0.499999999999375, 0.9999999999, 0.9999999999, 0.9999999999, 0.9999999999, 0.9999999999, 0.9999999999, 0.9999999999, 0.9999999999, 0.9999999999, 0.9999999999, 0.9999999999, 0.9999999999, 0.9999999999999315], "nmin": 2, "nmax": 338642, "nconditions": 10}