{"labels": [0.0, 1.0, 2.0, 3.0, 4.0, 5.0, 6.0, 7.0, 8.0, 9.0], "nsamples": [60991801, 60993448, 30494247], "nfeatures": 73, "xmin": [1.0, 0.0, 0.0, 1.0, 0.0, 54.0, 54.0, 54.0, 54.0, 0.0, 0.0, 0.0, 0.0, 0.0, 0.0, 0.0, 0.0, 0.0, 0.0, 0.0, 0.0, 0.0, 0.0, 0.0, 0.0, 0.0, 0.0, 0.0, 0.0, 0.0, 0.0, 0.0, 0.0, 0.0, 54.0, 0.0, 0.0, 0.0, 54.0, 54.0, 54.0, 0.0, 0.0, 1.0, 0.0, 0.0, 0.0, 0.0, 0.0, 0.0, 0.0, 0.0, 0.0, 0.0, 0.0, 0.0, 0.0, 0.0, 0.0, 0.0, 0.0, 1.0, 0.0, 0.0, 0.0, 0.0, 0.0, 0.0, 0.0, 0.0, 0.0, 0.0], "xmax": [1.0, 0.0, 25931541.624409914, 61828.0, 200131.0, 24202808.0, 65026.0, 90.0, 34365.0, 24876.78485524959, 65226.0, 1514.0, 38847.57575757576, 24892.72072978416, 3538000000000.0, 20000000000.0, 654.7157329862767, 2069.801861025817, 7200.047494173051, 99.86904311180115, 0.0, 1028.8728021553584, 2519.450294286496, 7200.273633003235, 99.86904311180115, 0.0, 1800.4682520031931, 3117.664811579753, 7200.474482059479, 137.9419949054718, 25256.0, 17453.0, 3.0, 0.0, 3338712.0, 10807128.0, 20000000000.0, 10000000000.0, 90.0, 65226.0, 22908.27019498608, 25354.90123072917, 1.0, 1.0, 1.0, 1.0, 1.0, 1.0, 1.0, 1.0, 31.0, 37483.09090909091, 12844.0, 3313333333333.333, 39044.395939086295, 38617.0, 15140000000000.0, 16144.0, 37483.09090909091, 122012.0, 39044.395939086295, 65535.0, 65535.0, 25502.0, 2595.763150930405, 765.6743195056915, 2595.763150930405, 2595.763150930405, 1520037533.240907, 7273.431073416306, 1520037533.240907, 1520037533.240907]}